"CountyState","Sum_Plant_NetGenMW","average_month_ozone_concentration","Season","SeasonBinary","percent_white","percent_black","percent_asian","percent_housing_burden","Median_Income","percent_no_vehicle","Population","LogSum_Plant_NetGenMW"
"Aiken, SC",2101125.999,0.051,"Summer","1",67.2422217643423,24.8544432343331,1.01668972419274,43.6016696481813,63212,2.46524505183789,169865,6.32245209668471
"Alachua, FL",2306689.001,0.039,"Summer","1",64.822739151107,19.4431038612371,5.96899141669258,54.4793502258411,57566,0.994502610569353,279729,6.36298904477933
"Alachua, FL",2306689.001,0.046,"Winter","0",64.822739151107,19.4431038612371,5.96899141669258,54.4793502258411,57566,0.994502610569353,279729,6.36298904477933
"Anderson, SC",10398842.999,0.055,"Summer","1",78.1203566121843,14.9438883240791,0.999061546883554,39.0266752132538,62347,1.84057483717513,204592,7.01698502130817
"Anderson, TN",1109396.001,0.051,"Summer","1",88.5216649210598,3.16278107503524,1.31502385662749,38.7339624642138,60633,1.83852917665867,77337,6.04508659605989
"Bay, FL",4542044,0.051,"Winter","0",77.9779624975836,10.3034989367872,2.03474082461131,52.5479335321687,65999,1.8773936098985,181055,6.65725133703137
"Bay, FL",4542044,0.048,"Summer","1",77.9779624975836,10.3034989367872,2.03474082461131,52.5479335321687,65999,1.8773936098985,181055,6.65725133703137
"Berkeley, SC",9370711,0.045,"Summer","1",64.3015482739101,23.336891093644,2.3649743538776,42.3392794065701,77874,1.29257802617356,231419,6.97177254410677
"Bibb, GA",459292.126,0.043,"Summer","1",37.2127189340419,54.3122500862322,2.18965979789721,52.0326646547133,48897,1.86112979152656,156554,5.66208900003568
"Brevard, FL",5801116.999,0.041,"Summer","1",77.0652161454538,9.84488876299075,2.36735803301988,50.8401828070968,71308,2.27609973646868,610723,6.76351162456218
"Brevard, FL",5801116.999,0.055,"Winter","0",77.0652161454538,9.84488876299075,2.36735803301988,50.8401828070968,71308,2.27609973646868,610723,6.76351162456218
"Broward, FL",11933011.901,0.041,"Summer","1",47.663798420017,28.3688502334218,3.67235524422345,60.5027515751771,70331,2.67017802534594,1940907,7.07675007375364
"Broward, FL",11933011.901,0.06,"Winter","0",47.663798420017,28.3688502334218,3.67235524422345,60.5027515751771,70331,2.67017802534594,1940907,7.07675007375364
"Buncombe, NC",4015162,0.048,"Summer","1",85.1938585780612,5.59994655760459,1.15272277870766,49.1581389002592,66531,1.19217652374151,269449,6.60370307247565
"Caldwell, NC",19,0.051,"Summer","1",87.2540760196244,4.33123544278706,0.545121165568165,35.2869203474856,52362,2.29763387297634,80716,1.27875360095283
"Charleston, SC",485839,0.04,"Summer","1",66.9353894202616,24.7860140542651,1.76044309974624,49.7014807189801,78795,1.55243167728979,409840,5.68649237420925
"Charleston, SC",485839,0.044,"Winter","0",66.9353894202616,24.7860140542651,1.76044309974624,49.7014807189801,78795,1.55243167728979,409840,5.68649237420925
"Chatham, GA",1156133.01,0.04,"Summer","1",49.125110542553,40.1807834851114,2.90887243220619,48.8114511352419,66171,1.95258257158192,296266,6.06300780137346
"Clarke, GA",4012,0.052,"Summer","1",59.0467469580333,26.6583374720636,4.07561460144028,55.4343666283965,48692,0.847457627118644,128864,3.60336092434838
"Cobb, GA",18428551,0.057,"Summer","1",52.8360056567334,27.4805990496374,5.5760348805779,46.7392418557927,94244,0.665588262567357,765813,7.26549118885751
"Collier, FL",24775,0.033,"Summer","1",73.230831542708,6.45756020840511,1.41233650955628,57.4379536111252,82011,1.5953510920596,380221,4.39401366315731
"Collier, FL",24775,0.049,"Winter","0",73.230831542708,6.45756020840511,1.41233650955628,57.4379536111252,82011,1.5953510920596,380221,4.39401366315731
"Cumberland, NC",51454,0.056,"Summer","1",45.1142130086782,37.1949273135704,2.48771654529888,47.6967930029154,55551,1.39966073612371,335207,4.71141914217721
"Darlington, SC",120130,0.042,"Summer","1",54.9131297104324,41.0107100357001,0.479174930583102,43.7742185481788,44317,3.24514427303973,63025,5.07965147707384
"Davidson, TN",122468,0.083,"Summer","1",59.7205354853435,26.3265265868868,3.59347747067426,49.3401600923055,71863,1.27765865004973,709786,5.08802262552577
"DeKalb, GA",49.98,0.058,"Summer","1",31.8781044364951,52.7715778452436,6.22286389151994,52.4819799175034,76044,1.51898289607699,761209,1.69879625179043
"DeKalb, GA",49.98,0.041,"Winter","0",31.8781044364951,52.7715778452436,6.22286389151994,52.4819799175034,76044,1.51898289607699,761209,1.69879625179043
"Durham, NC",12064,0.055,"Summer","1",47.62673753695,34.2902667171125,5.21345674113583,44.4519822622278,74927,1.06149746436454,325101,4.0814913285257
"Duval, FL",9270493.002,0.051,"Winter","0",54.6834011577691,29.1837566836864,4.71935547369309,49.7334158474758,65579,1.58381549584482,995708,6.96710283040717
"Duval, FL",9270493.002,0.045,"Summer","1",54.6834011577691,29.1837566836864,4.71935547369309,49.7334158474758,65579,1.58381549584482,995708,6.96710283040717
"Escambia, FL",2402200.507,0.05,"Winter","0",65.2806135152632,21.6641352522285,3.01715552014342,48.3406937357973,61642,1.86822826525048,321296,6.38060925429479
"Escambia, FL",2402200.507,0.048,"Summer","1",65.2806135152632,21.6641352522285,3.01715552014342,48.3406937357973,61642,1.86822826525048,321296,6.38060925429479
"Etowah, AL",3822,0.053,"Summer","1",77.9453883964857,15.2146146998491,0.723768239346673,41.520750701364,52177,1.45136758526462,103348,3.58229068271899
"Forsyth, NC",78088.001,0.057,"Summer","1",60.4502018298896,25.8013910496457,2.43238242659724,44.2414573898724,61229,1.21492396927418,383739,4.89258430532626
"Fulton, GA",42519.998,0.064,"Summer","1",41.0040454110575,43.3913652697317,7.59333825512456,46.9534067344486,86267,1.54439554979861,1061944,4.62859323542348
"Glynn, GA",469177.998,0.039,"Summer","1",66.6390748054774,24.7167892533642,1.19906345339735,41.7628262027339,65970,2.45064870112677,84566,5.6713376377759
"Greenville, SC",7669,0.058,"Summer","1",69.6930057870217,17.2219266977251,2.5239895428499,45.7191387779461,71328,1.66913082543773,528251,3.88473873776963
"Greenville, SC",7669,0.041,"Winter","0",69.6930057870217,17.2219266977251,2.5239895428499,45.7191387779461,71328,1.66913082543773,528251,3.88473873776963
"Guilford, NC",17132.001,0.063,"Summer","1",50.9964656190171,34.2473547743797,5.18944245000992,46.8063119027438,62880,1.42182544343945,539557,4.23380809107443
"Gwinnett, GA",51496.001,0.06,"Summer","1",39.4251636521545,28.4580945054004,12.7460262615908,54.1947826742564,82296,1.10922065219784,957977,4.71177350455447
"Harrison, MS",2595782,0.055,"Summer","1",64.7416981240539,24.8155670952536,2.34253741353211,46.7093066370041,55211,1.1896596874961,208748,6.41426821656727
"Haywood, NC",312129,0.057,"Summer","1",92.441112112241,0.825395803835758,0.416720298622731,44.486065328139,56596,2.23178882972697,62152,5.49433412097189
"Hillsborough, FL",11117690,0.051,"Summer","1",58.8714114506728,16.4318788473062,4.27520836738029,51.434493783785,70612,1.39650338410986,1468560,7.04601456022544
"Hillsborough, FL",11117690,0.049,"Winter","0",58.8714114506728,16.4318788473062,4.27520836738029,51.434493783785,70612,1.39650338410986,1468560,7.04601456022544
"Hinds, MS",3069671,0.062,"Summer","1",24.0084576301861,72.8865856511625,0.747767512282545,49.9973558963511,48596,1.94340570407992,226541,6.48709183132696
"Hinds, MS",3069671,0.047,"Winter","0",24.0084576301861,72.8865856511625,0.747767512282545,49.9973558963511,48596,1.94340570407992,226541,6.48709183132696
"Horry, SC",7646,0.043,"Summer","1",79.0912507221421,12.3524165820662,1.30742782785253,47.0619885028177,59880,1.82184670922793,356578,3.88343429368301
"Jackson, MS",11971245,0.055,"Summer","1",69.0803709965837,20.4333395954662,2.37613153262223,45.0916598886317,60045,1.63075867299948,143721,7.0781393190374
"Jefferson, AL",21067499,0.043,"Winter","0",50.3334250630332,42.7216945698497,1.74217012636386,47.9829837171776,63595,1.95828348269713,672265,7.32361298197885
"Jefferson, AL",21067499,0.07,"Summer","1",50.3334250630332,42.7216945698497,1.74217012636386,47.9829837171776,63595,1.95828348269713,672265,7.32361298197885
"Johnston, NC",8390,0.054,"Summer","1",69.8423133462989,16.5196628957004,0.690735110161522,41.8624703599914,75288,1.32515399246728,219042,3.9237619608287
"Knox, TN",28582,0.062,"Summer","1",82.9179528298359,8.24646971579083,2.270640581962,44.4073504648949,68580,1.24973055090792,481406,4.4560926148879
"Lake, FL",101724,0.05,"Summer","1",73.8111672082496,10.1463437332775,2.09808468341308,51.4423474307756,66239,1.67341711254283,386829,5.00742342920493
"Lake, FL",101724,0.048,"Winter","0",73.8111672082496,10.1463437332775,2.09808468341308,51.4423474307756,66239,1.67341711254283,386829,5.00742342920493
"Lauderdale, MS",674,0.052,"Summer","1",52.5934479866925,43.4651709489834,0.742359879572731,47.1794387224794,45649,2.89251825461216,72741,2.82865989653532
"Lee, FL",10796959.002,0.035,"Summer","1",74.340602042691,8.03801775645554,1.66489412629285,53.1848664759753,69368,1.93352775672238,772902,7.03330145228125
"Lee, FL",10796959.002,0.052,"Winter","0",74.340602042691,8.03801775645554,1.66489412629285,53.1848664759753,69368,1.93352775672238,772902,7.03330145228125
"Lenoir, NC",1664,0.048,"Summer","1",51.5697917234116,40.1608832234752,0.809863630585971,39.365691631844,43063,1.82219280829473,55071,3.2211533219547
"Leon, FL",1567825,0.049,"Winter","0",57.8550835010608,30.9494505793396,3.51819615949519,53.5579865630166,61317,1.1376363100501,294128,6.19529758527711
"Leon, FL",1567825,0.031,"Summer","1",57.8550835010608,30.9494505793396,3.51819615949519,53.5579865630166,61317,1.1376363100501,294128,6.19529758527711
"Lincoln, NC",48752.008,0.058,"Summer","1",86.1610544391753,5.58948290175474,0.81766799722516,39.684449792753,75672,1.99942709825265,87933,4.68799250814451
"Loudon, TN",386984,0.05,"Summer","1",89.8823571801755,1.39261714738682,0.99086601689877,32.7773749093546,75008,1.64984213100903,55507,5.58769300932031
"Manatee, FL",6960035,0.038,"Summer","1",78.2548158461892,8.11219816870706,2.20579703704801,52.7937015623078,71385,1.77599346761023,405069,6.84261142355721
"Manatee, FL",6960035,0.048,"Winter","0",78.2548158461892,8.11219816870706,2.20579703704801,52.7937015623078,71385,1.77599346761023,405069,6.84261142355721
"Marion, FL",12152,0.049,"Summer","1",74.405975279265,12.3482054332738,1.58106946923128,44.3810829335161,55265,2.2168314021007,378225,4.08464776085473
"Marion, FL",12152,0.049,"Winter","0",74.405975279265,12.3482054332738,1.58106946923128,44.3810829335161,55265,2.2168314021007,378225,4.08464776085473
"Martin, FL",9527667.008,0.031,"Summer","1",82.8794408998802,5.41847815858318,1.54455172240729,51.9736842105263,77894,2.72465679515617,159399,6.97898657014608
"Martin, FL",9527667.008,0.052,"Winter","0",82.8794408998802,5.41847815858318,1.54455172240729,51.9736842105263,77894,2.72465679515617,159399,6.97898657014608
"Martin, NC",339794.88,0.05,"Summer","1",52.3053837759185,41.7015278283012,0.568388504910877,38.7820512820513,44799,3.19331333047578,21992,5.53121683067046
"Mecklenburg, NC",34571,0.076,"Summer","1",48.3832300971039,31.3167527790404,6.23622134779985,45.3109380153756,79265,1.09341131791555,1115403,4.53871194211691
"Mecklenburg, NC",34571,0.04,"Winter","0",48.3832300971039,31.3167527790404,6.23622134779985,45.3109380153756,79265,1.09341131791555,1115403,4.53871194211691
"Mobile, AL",15360096,0.048,"Summer","1",56.6971426362358,36.2597190476421,2.02547610648549,47.3065504281718,55352,1.56824660881551,413878,7.18639393002752
"Montgomery, NC",42481.998,0.045,"Winter","0",67.4329501915709,17.2375091915322,1.48612562405666,25.1209527353926,55523,2.43029984218832,25839,4.62820493415555
"Montgomery, NC",42481.998,0.048,"Summer","1",67.4329501915709,17.2375091915322,1.48612562405666,25.1209527353926,55523,2.43029984218832,25839,4.62820493415555
"Morgan, AL",7815396,0.06,"Summer","1",76.4049324950041,13.5099348507742,0.491462364543224,38.8243387861183,61588,2.10607449379218,123102,6.8929509882743
"Murray, GA",7926566,0.053,"Summer","1",92.6915108703792,0.466764845368545,0.808726256146569,35.8620689655172,60617,2.02570832492092,40063,6.89908508009765
"Muscogee, GA",0,0.047,"Summer","1",40.5739788436345,46.5963083902,2.5805095516493,45.3684184420029,54561,2.05369665397716,204572,-Inf
"New Hanover, NC",3927306,0.04,"Summer","1",79.0850991084187,12.1191931058062,1.31808498514031,49.7639118934019,67515,1.3373343335834,228134,6.59409474108046
"Orange, FL",10083859,0.047,"Winter","0",51.2364763139772,20.4170090717198,5.28449218615906,54.1770511650343,72629,1.31487368176841,1427403,7.00362676441912
"Orange, FL",10083859,0.057,"Summer","1",51.2364763139772,20.4170090717198,5.28449218615906,54.1770511650343,72629,1.31487368176841,1427403,7.00362676441912
"Osceola, FL",4087265.003,0.047,"Winter","0",49.6486304587995,10.9035035365528,2.74136814435739,61.945458972486,64312,1.39212298755602,393745,6.61143279665691
"Osceola, FL",4087265.003,0.042,"Summer","1",49.6486304587995,10.9035035365528,2.74136814435739,61.945458972486,64312,1.39212298755602,393745,6.61143279665691
"Palm Beach, FL",27166351,0.038,"Summer","1",61.49049541579,18.5141205709106,2.8181602282572,56.6432281662853,76066,2.37112317967958,1494805,7.43403130764898
"Palm Beach, FL",27166351,0.056,"Winter","0",61.49049541579,18.5141205709106,2.8181602282572,56.6432281662853,76066,2.37112317967958,1494805,7.43403130764898
"Pasco, FL",3157155.999,0.052,"Winter","0",78.1437814799784,5.97932928211155,2.85201796873216,50.0008799873282,63187,2.06549231148018,569211,6.49929604145226
"Pasco, FL",3157155.999,0.055,"Summer","1",78.1437814799784,5.97932928211155,2.85201796873216,50.0008799873282,63187,2.06549231148018,569211,6.49929604145226
"Person, NC",6551940,0.051,"Summer","1",66.5533720068488,25.5219646827324,0.482993023434106,50.4983388704319,60688,2.15626742673028,39131,6.81636991167846
"Pinellas, FL",7058966,0.051,"Winter","0",76.894276386108,10.0380449163366,3.53280176015035,52.7440482619228,66406,2.66720163547607,959918,6.84874109009119
"Pinellas, FL",7058966,0.051,"Summer","1",76.894276386108,10.0380449163366,3.53280176015035,52.7440482619228,66406,2.66720163547607,959918,6.84874109009119
"Pitt, NC",3770,0.054,"Summer","1",54.6624921143017,35.1158905581906,1.73310124068319,44.5060097178416,54915,1.94586503679681,171196,3.57634135020579
"Polk, FL",26720533.78,0.048,"Winter","0",64.4304964895433,14.8580129280428,1.76195178402372,46.7748402455833,60901,2.07158946790589,736229,7.4268451295293
"Polk, FL",26720533.78,0.041,"Summer","1",64.4304964895433,14.8580129280428,1.76195178402372,46.7748402455833,60901,2.07158946790589,736229,7.4268451295293
"Richland, SC",2386990,0.052,"Summer","1",42.4061841450785,47.2867471963975,2.88854553886597,52.0286067941136,59850,1.47241375072207,416161,6.37785059958744
"Richland, SC",2386990,0.041,"Winter","0",42.4061841450785,47.2867471963975,2.88854553886597,52.0286067941136,59850,1.47241375072207,416161,6.37785059958744
"Richmond, GA",393866.073,0.045,"Summer","1",34.4477160167448,55.897804058151,1.7748953447197,52.4298805887254,50605,1.56157129734695,206153,5.5953485729811
"Rockingham, NC",5549175,0.054,"Summer","1",73.0103388919953,17.6298391606092,0.563540878641362,41.0635421360973,50737,3.1929733918884,91209,6.74422842103617
"Rowan, NC",9341551.001,0.057,"Summer","1",73.4393167739874,16.0083499357436,1.07502022887527,39.2706194903997,59717,2.06118195626832,147067,6.97041898921228
"Rowan, NC",9341551.001,0.042,"Winter","0",73.4393167739874,16.0083499357436,1.07502022887527,39.2706194903997,59717,2.06118195626832,147067,6.97041898921228
"Russell, AL",743639.64,0.047,"Summer","1",46.9370762459855,44.8775680130504,0.779962276334347,47.7115574580178,47420,3.61435512744012,58849,5.87136253195303
"Santa Rosa, FL",1397625.001,0.05,"Winter","0",82.5084394213573,5.85203763082426,2.00270908071156,39.8644157915725,84715,1.29307864909959,188994,6.1453906607923
"Santa Rosa, FL",1397625.001,0.046,"Summer","1",82.5084394213573,5.85203763082426,2.00270908071156,39.8644157915725,84715,1.29307864909959,188994,6.1453906607923
"Sarasota, FL",31579,0.05,"Winter","0",86.0286486781735,4.26134294661714,1.79361481319642,49.8274311293325,77213,1.64789686222378,439392,4.49939837325435
"Sarasota, FL",31579,0.041,"Summer","1",86.0286486781735,4.26134294661714,1.79361481319642,49.8274311293325,77213,1.64789686222378,439392,4.49939837325435
"Seminole, FL",19269,0.048,"Winter","0",65.9983323467446,11.7745655296496,5.07042970714227,52.3300677982249,79490,1.30090960122516,471321,4.28485917673376
"Seminole, FL",19269,0.052,"Summer","1",65.9983323467446,11.7745655296496,5.07042970714227,52.3300677982249,79490,1.30090960122516,471321,4.28485917673376
"Shelby, AL",4044923,0.052,"Summer","1",78.0435520463031,13.0039836367209,2.00566283784991,43.7179005386446,90618,1.29631398013751,223916,6.60691025870641
"Shelby, TN",5433169.996,0.089,"Summer","1",36.6618453434653,53.7772548680972,2.8844825352964,50.2342059140892,59621,1.59736641338703,926440,6.73505329369003
"Shelby, TN",5433169.996,0.047,"Winter","0",36.6618453434653,53.7772548680972,2.8844825352964,50.2342059140892,59621,1.59736641338703,926440,6.73505329369003
"Spartanburg, SC",30838.001,0.058,"Summer","1",69.2838037192649,20.2914706514923,2.25312690272296,42.7537081550097,61955,1.55430084374053,330119,4.48908621818545
"Sullivan, TN",1037290,0.061,"Summer","1",93.2315621022921,1.98838220284523,0.771789669989037,38.1244947453517,54357,1.52423233444321,158722,6.01590019109737
"Sumner, TN",4450512,0.084,"Summer","1",82.5146689019279,8.41931468922249,1.55858670527572,44.5893863029944,81883,1.34467948460643,196845,6.64840997637056
"Union, NC",85,0.053,"Summer","1",74.1363297502384,11.3948248503805,3.79619256254451,37.3279121192667,95533,1.17477046504964,240109,1.92941892571429
"Volusia, FL",9267440.002,0.05,"Winter","0",74.5839003079567,10.7310391749624,1.86170593711953,51.6142951810014,63075,1.86699788974226,558520,6.96695978306042
"Volusia, FL",9267440.002,0.036,"Summer","1",74.5839003079567,10.7310391749624,1.86170593711953,51.6142951810014,63075,1.86699788974226,558520,6.96695978306042
"Wake, NC",182687,0.063,"Summer","1",61.1682859245139,19.6739165959281,7.88232166154493,44.630914004754,96734,0.796288940457193,1132103,5.26170764407318
"Wake, NC",182687,0.041,"Winter","0",61.1682859245139,19.6739165959281,7.88232166154493,44.630914004754,96734,0.796288940457193,1132103,5.26170764407318
"Wakulla, FL",1354941,0.039,"Summer","1",79.1236807778964,14.5499822127357,0.148227202656231,45.8351893095768,72035,2.22929936305732,33732,6.13192038455928
"Wakulla, FL",1354941,0.048,"Winter","0",79.1236807778964,14.5499822127357,0.148227202656231,45.8351893095768,72035,2.22929936305732,33732,6.13192038455928
"York, SC",117,0.061,"Summer","1",71.0078554845276,18.9001614915173,2.68280875093202,43.4562351125575,80158,1.31268747764028,282987,2.06818586174616
