"County.FIPS.Code","Plant.county.name","Plant.state.abbreviation","Mean_Plant_Nameplate_CapacityMW","County","average_month_ozone_concentration","Average_Month_AQI_Value"
1,"Alachua","FL",133.783333333333,"Alachua",0.0353793103448276,32.6551724137931
1,"Albany","NY",271.14,"Alachua",0.0353793103448276,32.6551724137931
1,"Alameda","CA",62.5,"Alachua",0.0353793103448276,32.6551724137931
1,"Bernalillo","NM",81.35,"Alachua",0.0353793103448276,32.6551724137931
1,"Allen","KS",29.3,"Alachua",0.0353793103448276,32.6551724137931
1,"Apache","AZ",868,"Alachua",0.0353793103448276,32.6551724137931
1,"Addison","VT",1.4,"Alachua",0.0353793103448276,32.6551724137931
1,"Hawaii","HI",43.3,"Alachua",0.0353793103448276,32.6551724137931
1,"Anderson","TN",477.4,"Alachua",0.0353793103448276,32.6551724137931
1,"Alcona","MI",20,"Alachua",0.0353793103448276,32.6551724137931
1,"Kent","DE",125.02,"Alachua",0.0353793103448276,32.6551724137931
1,"Beaver","UT",3.2,"Alachua",0.0353793103448276,32.6551724137931
1,"Fairfield","CT",88.29375,"Alachua",0.0353793103448276,32.6551724137931
1,"Androscoggin","ME",22.3,"Alachua",0.0353793103448276,32.6551724137931
1,"Adams","PA",201.58,"Alachua",0.0353793103448276,32.6551724137931
1,"Adams","IN",2,"Alachua",0.0353793103448276,32.6551724137931
1,"Barnstable","MA",760,"Alachua",0.0353793103448276,32.6551724137931
1,"Allegany","MD",120,"Alachua",0.0353793103448276,32.6551724137931
1,"Atlantic","NJ",4.66666666666667,"Alachua",0.0353793103448276,32.6551724137931
1,"Abbeville","SC",2.9,"Alachua",0.0353793103448276,32.6551724137931
1,"Adair","IA",5.76666666666667,"Alachua",0.0353793103448276,32.6551724137931
1,"Acadia","LA",604.466666666667,"Alachua",0.0353793103448276,32.6551724137931
1,"District of Columbia","DC",9.25,"Alachua",0.0353793103448276,32.6551724137931
1,"Autauga","AL",815.075,"Alachua",0.0353793103448276,32.6551724137931
1,"Accomack","VA",73.9833333333333,"Alachua",0.0353793103448276,32.6551724137931
1,"Ada","ID",3.2,"Alachua",0.0353793103448276,32.6551724137931
1,"Adams","NE",128.433333333333,"Alachua",0.0353793103448276,32.6551724137931
1,"Adams","CO",390.6,"Alachua",0.0353793103448276,32.6551724137931
3,"Honolulu","HI",189.25,"Baker",0.03552,32.88
3,"Aiken","SC",389.85,"Baker",0.03552,32.88
3,"Adams","ID",6.2,"Baker",0.03552,32.88
3,"Hartford","CT",27.4866666666667,"Baker",0.03552,32.88
3,"Cochise","AZ",343.4,"Baker",0.03552,32.88
3,"Bergen","NJ",708.4,"Baker",0.03552,32.88
3,"Ashley","AR",25,"Baker",0.03552,32.88
3,"Alamosa","CO",53.2,"Baker",0.03552,32.88
3,"Allegheny","PA",195.355555555556,"Baker",0.03552,32.88
3,"Clark","NV",442.5125,"Baker",0.03552,32.88
3,"Big Horn","MT",115.7,"Baker",0.03552,32.88
3,"Benton","OR",6.05,"Baker",0.03552,32.88
3,"Anne Arundel","MD",765.3,"Baker",0.03552,32.88
3,"New Castle","DE",225.52,"Baker",0.03552,32.88
3,"Allegany","NY",35.9,"Baker",0.03552,32.88
3,"Anoka","MN",6,"Baker",0.03552,32.88
3,"Adams","IA",5.9,"Baker",0.03552,32.88
3,"Alger","MI",6.2,"Baker",0.03552,32.88
3,"Andrews","TX",9,"Baker",0.03552,32.88
3,"Berkshire","MA",56,"Baker",0.03552,32.88
3,"Aroostook","ME",22,"Baker",0.03552,32.88
3,"Anderson","KS",6.85,"Baker",0.03552,32.88
3,"Ashland","WI",47.2,"Baker",0.03552,32.88
3,"Carroll","NH",21.8,"Baker",0.03552,32.88
5,"Alleghany","VA",121.85,"Bay",0.0364516129032258,33.6129032258064
5,"Bay","FL",661.5,"Bay",0.0364516129032258,33.6129032258064
5,"Sussex","DE",234.55,"Bay",0.0364516129032258,33.6129032258064
5,"Arapahoe","CO",3.2,"Bay",0.0364516129032258,33.6129032258064
5,"Allendale","SC",22.5,"Bay",0.0364516129032258,33.6129032258064
5,"Allegan","MI",69.2333333333333,"Bay",0.0364516129032258,33.6129032258064
5,"Becker","MN",12.5,"Bay",0.0364516129032258,33.6129032258064
5,"Beadle","SD",42,"Bay",0.0364516129032258,33.6129032258064
5,"Barron","WI",21.9,"Bay",0.0364516129032258,33.6129032258064
5,"Caledonia","VT",21.5,"Bay",0.0364516129032258,33.6129032258064
5,"Cache","UT",10.45,"Bay",0.0364516129032258,33.6129032258064
5,"Burlington","NJ",122.75,"Bay",0.0364516129032258,33.6129032258064
5,"Allamakee","IA",138.3,"Bay",0.0364516129032258,33.6129032258064
5,"Baltimore","MD",4,"Bay",0.0364516129032258,33.6129032258064
5,"Newport","RI",272.5,"Bay",0.0364516129032258,33.6129032258064
5,"Campbell","WY",155.777777777778,"Bay",0.0364516129032258,33.6129032258064
5,"Armstrong","PA",1285.6,"Bay",0.0364516129032258,33.6129032258064
5,"Bronx","NY",23.8416666666667,"Bay",0.0364516129032258,33.6129032258064
5,"Litchfield","CT",20.375,"Bay",0.0364516129032258,33.6129032258064
5,"Bannock","ID",9.55,"Bay",0.0364516129032258,33.6129032258064
5,"Benton","TN",4.8,"Bay",0.0364516129032258,33.6129032258064
5,"Ascension","LA",82.6666666666667,"Bay",0.0364516129032258,33.6129032258064
5,"Bristol","MA",44.56,"Bay",0.0364516129032258,33.6129032258064
5,"Cumberland","ME",368.725,"Bay",0.0364516129032258,33.6129032258064
9,"Cattaraugus","NY",90.6,"Brevard",0.04085,37.9166666666667
9,"Cattaraugus","NY",90.6,"Blount",0.0366896551724138,33.9655172413793
9,"Benton","MS",1003.5,"Brevard",0.04085,37.9166666666667
9,"Benton","MS",1003.5,"Blount",0.0366896551724138,33.9655172413793
9,"Washington","RI",13.55,"Brevard",0.04085,37.9166666666667
9,"Washington","RI",13.55,"Blount",0.0366896551724138,33.9655172413793
9,"Brevard","FL",649.52,"Brevard",0.04085,37.9166666666667
9,"Brevard","FL",649.52,"Blount",0.0366896551724138,33.9655172413793
9,"Cape May","NJ",3.2,"Brevard",0.04085,37.9166666666667
9,"Cape May","NJ",3.2,"Blount",0.0366896551724138,33.9655172413793
9,"Columbia","OR",439.766666666667,"Brevard",0.04085,37.9166666666667
9,"Columbia","OR",439.766666666667,"Blount",0.0366896551724138,33.9655172413793
9,"Brown","WI",83.075,"Brevard",0.04085,37.9166666666667
9,"Brown","WI",83.075,"Blount",0.0366896551724138,33.9655172413793
9,"Baca","CO",2.7,"Brevard",0.04085,37.9166666666667
9,"Baca","CO",2.7,"Blount",0.0366896551724138,33.9655172413793
9,"Barren","KY",1,"Brevard",0.04085,37.9166666666667
9,"Barren","KY",1,"Blount",0.0366896551724138,33.9655172413793
9,"New Haven","CT",205.98,"Brevard",0.04085,37.9166666666667
9,"New Haven","CT",205.98,"Blount",0.0366896551724138,33.9655172413793
9,"Benewah","ID",6.2,"Brevard",0.04085,37.9166666666667
9,"Benewah","ID",6.2,"Blount",0.0366896551724138,33.9655172413793
9,"Audubon","IA",181.5,"Brevard",0.04085,37.9166666666667
9,"Audubon","IA",181.5,"Blount",0.0366896551724138,33.9655172413793
9,"GRAFTON","NH",17.5,"Brevard",0.04085,37.9166666666667
9,"GRAFTON","NH",17.5,"Blount",0.0366896551724138,33.9655172413793
9,"Barton","KS",32.3666666666667,"Brevard",0.04085,37.9166666666667
9,"Barton","KS",32.3666666666667,"Blount",0.0366896551724138,33.9655172413793
9,"Converse","WY",922.2,"Brevard",0.04085,37.9166666666667
9,"Converse","WY",922.2,"Blount",0.0366896551724138,33.9655172413793
9,"Maui","HI",58.66,"Brevard",0.04085,37.9166666666667
9,"Maui","HI",58.66,"Blount",0.0366896551724138,33.9655172413793
9,"Essex","MA",114.766666666667,"Brevard",0.04085,37.9166666666667
9,"Essex","MA",114.766666666667,"Blount",0.0366896551724138,33.9655172413793
9,"Grafton","NH",9.93333333333333,"Brevard",0.04085,37.9166666666667
9,"Grafton","NH",9.93333333333333,"Blount",0.0366896551724138,33.9655172413793
9,"Hancock","ME",186.8,"Brevard",0.04085,37.9166666666667
9,"Hancock","ME",186.8,"Blount",0.0366896551724138,33.9655172413793
9,"Clallam","WA",12.6,"Brevard",0.04085,37.9166666666667
9,"Clallam","WA",12.6,"Blount",0.0366896551724138,33.9655172413793
11,"Hillsborough","NH",2.25,"Avery",0.0402258064516129,37.3225806451613
11,"Hillsborough","NH",2.25,"Broward",0.0384426229508197,35.7540983606557
11,"Franklin","VT",47.2,"Avery",0.0402258064516129,37.3225806451613
11,"Franklin","VT",47.2,"Broward",0.0384426229508197,35.7540983606557
11,"Eureka","NV",242,"Avery",0.0402258064516129,37.3225806451613
11,"Eureka","NV",242,"Broward",0.0384426229508197,35.7540983606557
11,"New London","CT",31.8318181818182,"Avery",0.0402258064516129,37.3225806451613
11,"New London","CT",31.8318181818182,"Broward",0.0384426229508197,35.7540983606557
11,"Colusa","CA",248.5,"Avery",0.0402258064516129,37.3225806451613
11,"Colusa","CA",248.5,"Broward",0.0384426229508197,35.7540983606557
11,"Beauregard","LA",61.5,"Avery",0.0402258064516129,37.3225806451613
11,"Beauregard","LA",61.5,"Broward",0.0384426229508197,35.7540983606557
11,"Franklin","MA",6.2,"Avery",0.0402258064516129,37.3225806451613
11,"Franklin","MA",6.2,"Broward",0.0384426229508197,35.7540983606557
11,"Auglaize","OH",11.0333333333333,"Avery",0.0402258064516129,37.3225806451613
11,"Auglaize","OH",11.0333333333333,"Broward",0.0384426229508197,35.7540983606557
11,"Bureau","IL",37.9,"Avery",0.0402258064516129,37.3225806451613
11,"Bureau","IL",37.9,"Broward",0.0384426229508197,35.7540983606557
11,"Broward","FL",818.56,"Avery",0.0402258064516129,37.3225806451613
11,"Broward","FL",818.56,"Broward",0.0384426229508197,35.7540983606557
11,"Cumberland","NJ",85.8285714285714,"Avery",0.0402258064516129,37.3225806451613
11,"Cumberland","NJ",85.8285714285714,"Broward",0.0384426229508197,35.7540983606557
11,"Davis","UT",11.9,"Avery",0.0402258064516129,37.3225806451613
11,"Davis","UT",11.9,"Broward",0.0384426229508197,35.7540983606557
11,"Cayuga","NY",2.2,"Avery",0.0402258064516129,37.3225806451613
11,"Cayuga","NY",2.2,"Broward",0.0384426229508197,35.7540983606557
11,"Berks","PA",259.72,"Avery",0.0402258064516129,37.3225806451613
11,"Berks","PA",259.72,"Broward",0.0384426229508197,35.7540983606557
11,"Benton","IA",17.5,"Avery",0.0402258064516129,37.3225806451613
11,"Benton","IA",17.5,"Broward",0.0384426229508197,35.7540983606557
11,"Clark","WA",248,"Avery",0.0402258064516129,37.3225806451613
11,"Clark","WA",248,"Broward",0.0384426229508197,35.7540983606557
11,"Buffalo","WI",387,"Avery",0.0402258064516129,37.3225806451613
11,"Buffalo","WI",387,"Broward",0.0384426229508197,35.7540983606557
11,"Brookings","SD",324,"Avery",0.0402258064516129,37.3225806451613
11,"Brookings","SD",324,"Broward",0.0384426229508197,35.7540983606557
11,"Bent","CO",5.6,"Avery",0.0402258064516129,37.3225806451613
11,"Bent","CO",5.6,"Broward",0.0384426229508197,35.7540983606557
19,"Choctaw","MS",754.4,"Charleston",0.0347666666666667,32.1333333333333
19,"Charleston","SC",138.25,"Charleston",0.0347666666666667,32.1333333333333
19,"Orleans","VT",8,"Charleston",0.0347666666666667,32.1333333333333
19,"Nantucket","MA",22.4,"Charleston",0.0347666666666667,32.1333333333333
19,"Buchanan","IA",1.8,"Charleston",0.0347666666666667,32.1333333333333
19,"Clinton","NY",146,"Charleston",0.0347666666666667,32.1333333333333
19,"Champaign","IL",47.35,"Charleston",0.0347666666666667,32.1333333333333
19,"Calcasieu","LA",334.633333333333,"Charleston",0.0347666666666667,32.1333333333333
19,"Hunterdon","NJ",512,"Charleston",0.0347666666666667,32.1333333333333
19,"Dorchester","MD",180.6,"Charleston",0.0347666666666667,32.1333333333333
19,"Sullivan","NH",20,"Charleston",0.0347666666666667,32.1333333333333
19,"Lyon","NV",230,"Charleston",0.0347666666666667,32.1333333333333
19,"Carroll","OH",832.3,"Charleston",0.0347666666666667,32.1333333333333
19,"Douglas","OR",16.725,"Charleston",0.0347666666666667,32.1333333333333
19,"Penobscot","ME",127.06,"Charleston",0.0347666666666667,32.1333333333333
19,"Pima","AZ",124.45,"Charleston",0.0347666666666667,32.1333333333333
19,"Clark","IN",5,"Charleston",0.0347666666666667,32.1333333333333
19,"Brunswick","NC",52.5,"Charleston",0.0347666666666667,32.1333333333333
19,"Fresno","CA",74.6933333333333,"Charleston",0.0347666666666667,32.1333333333333
19,"Carver","MN",55.1,"Charleston",0.0347666666666667,32.1333333333333
19,"Bedford","VA",4.85,"Charleston",0.0347666666666667,32.1333333333333
19,"Boone","MO",79.325,"Charleston",0.0347666666666667,32.1333333333333
21,"Cherokee","SC",628.466666666667,"Collier",0.0380967741935484,35.2903225806452
21,"Berrien","MI",4.4,"Collier",0.0380967741935484,35.2903225806452
21,"Buena Vista","IA",4,"Collier",0.0380967741935484,35.2903225806452
21,"Bayamon","PR",4.5,"Collier",0.0380967741935484,35.2903225806452
21,"Cambria","PA",457.533333333333,"Collier",0.0380967741935484,35.2903225806452
21,"Pinal","AZ",452.74,"Collier",0.0380967741935484,35.2903225806452
21,"Collier","FL",4,"Collier",0.0380967741935484,35.2903225806452
21,"Cherokee","KS",300.2,"Collier",0.0380967741935484,35.2903225806452
21,"Rutland","VT",13.2,"Collier",0.0380967741935484,35.2903225806452
21,"Bastrop","TX",616.9,"Collier",0.0380967741935484,35.2903225806452
21,"Laramie","WY",140,"Collier",0.0380967741935484,35.2903225806452
21,"Clay","AR",7.2,"Collier",0.0380967741935484,35.2903225806452
21,"Burt","NE",2.5,"Collier",0.0380967741935484,35.2903225806452
21,"Buchanan","MO",140,"Collier",0.0380967741935484,35.2903225806452
21,"Christian","IL",661.1,"Collier",0.0380967741935484,35.2903225806452
21,"Dawson","MT",83.7,"Collier",0.0380967741935484,35.2903225806452
21,"Bibb","GA",37.35,"Collier",0.0380967741935484,35.2903225806452
21,"Norfolk","MA",251.24,"Collier",0.0380967741935484,35.2903225806452
21,"Gilliam","OR",12.8,"Collier",0.0380967741935484,35.2903225806452
21,"Columbia","WI",558.5,"Collier",0.0380967741935484,35.2903225806452
21,"Buncombe","NC",510.15,"Collier",0.0380967741935484,35.2903225806452
21,"Mercer","NJ",11.88,"Collier",0.0380967741935484,35.2903225806452
23,"Plymouth","MA",98.5,"Columbia",0.0353666666666667,32.6333333333333
23,"Middlesex","NJ",303.41,"Columbia",0.0353666666666667,32.6333333333333
23,"Deer Lodge","MT",203.1,"Columbia",0.0353666666666667,32.6333333333333
23,"Lincoln","WY",488,"Columbia",0.0353666666666667,32.6333333333333
23,"Choctaw","OK",446,"Columbia",0.0353666666666667,32.6333333333333
23,"Clark","IL",11.15,"Columbia",0.0353666666666667,32.6333333333333
23,"Washington","VT",21.7,"Columbia",0.0353666666666667,32.6333333333333
23,"Santa Cruz","AZ",108,"Columbia",0.0353666666666667,32.6333333333333
23,"Branch","MI",12.9,"Columbia",0.0353666666666667,32.6333333333333
23,"Humboldt","CA",58.025,"Columbia",0.0353666666666667,32.6333333333333
23,"Grant","WV",1680.9,"Columbia",0.0353666666666667,32.6333333333333
23,"Burke","NC",1.78,"Columbia",0.0353666666666667,32.6333333333333
23,"Hidalgo","NM",137,"Columbia",0.0353666666666667,32.6333333333333
23,"Grant","OR",7.5,"Columbia",0.0353666666666667,32.6333333333333
23,"Choctaw","AL",87.5,"Columbia",0.0353666666666667,32.6333333333333
23,"Butler","MO",34.1,"Columbia",0.0353666666666667,32.6333333333333
23,"Juab","UT",649,"Columbia",0.0353666666666667,32.6333333333333
23,"Butler","NE",10.6,"Columbia",0.0353666666666667,32.6333333333333
23,"Cheyenne","KS",4.55,"Columbia",0.0353666666666667,32.6333333333333
25,"Cabarrus","NC",7.45,"Claiborne",0.0310645161290323,28.8709677419355
25,"Clark","SD",2.7,"Claiborne",0.0310645161290323,28.8709677419355
25,"Clark","KS",5.6,"Claiborne",0.0310645161290323,28.8709677419355
25,"Suffolk","MA",42.3833333333333,"Claiborne",0.0310645161290323,28.8709677419355
25,"Brunswick","VA",741.35,"Claiborne",0.0310645161290323,28.8709677419355
25,"Harford","MD",250.1,"Claiborne",0.0310645161290323,28.8709677419355
25,"Clermont","OH",714.8,"Claiborne",0.0310645161290323,28.8709677419355
25,"Caguas","PR",9,"Claiborne",0.0310645161290323,28.8709677419355
25,"Carbon","PA",94,"Claiborne",0.0310645161290323,28.8709677419355
25,"Clay","IL",118.5,"Claiborne",0.0310645161290323,28.8709677419355
25,"Lea","NM",364.8,"Claiborne",0.0310645161290323,28.8709677419355
25,"Imperial","CA",104.585714285714,"Claiborne",0.0310645161290323,28.8709677419355
25,"Somerset","ME",25.04,"Claiborne",0.0310645161290323,28.8709677419355
25,"Greenbrier","WV",31.5,"Claiborne",0.0310645161290323,28.8709677419355
25,"Chisago","MN",11,"Claiborne",0.0310645161290323,28.8709677419355
25,"Calhoun","MI",7.4,"Claiborne",0.0310645161290323,28.8709677419355
25,"Monmouth","NJ",2,"Claiborne",0.0310645161290323,28.8709677419355
25,"Dane","WI",112.522222222222,"Claiborne",0.0310645161290323,28.8709677419355
25,"Clarke","AL",15.6,"Claiborne",0.0310645161290323,28.8709677419355
25,"Cass","NE",345,"Claiborne",0.0310645161290323,28.8709677419355
31,"Craighead","AR",224.3,"Carteret",0.0361785714285714,33.4642857142857
31,"Craighead","AR",224.3,"Duval",0.0365978260869565,33.8586956521739
31,"Cape Girardeau","MO",26.3,"Carteret",0.0361785714285714,33.4642857142857
31,"Cape Girardeau","MO",26.3,"Duval",0.0365978260869565,33.8586956521739
31,"Denver","CO",104.5,"Carteret",0.0361785714285714,33.4642857142857
31,"Denver","CO",104.5,"Duval",0.0365978260869565,33.8586956521739
31,"Cook","IL",72.1916666666667,"Carteret",0.0361785714285714,33.4642857142857
31,"Cook","IL",72.1916666666667,"Duval",0.0365978260869565,33.8586956521739
31,"Cedar","IA",6.85,"Carteret",0.0361785714285714,33.4642857142857
31,"Cedar","IA",6.85,"Duval",0.0365978260869565,33.8586956521739
31,"Darlington","SC",178.25,"Carteret",0.0361785714285714,33.4642857142857
31,"Darlington","SC",178.25,"Duval",0.0365978260869565,33.8586956521739
31,"Cassia","ID",2.6,"Carteret",0.0361785714285714,33.4642857142857
31,"Cassia","ID",2.6,"Duval",0.0365978260869565,33.8586956521739
31,"Passaic","NJ",8.95,"Carteret",0.0361785714285714,33.4642857142857
31,"Passaic","NJ",8.95,"Duval",0.0365978260869565,33.8586956521739
31,"Duval","FL",334.255555555556,"Carteret",0.0361785714285714,33.4642857142857
31,"Duval","FL",334.255555555556,"Duval",0.0365978260869565,33.8586956521739
31,"Coffey","KS",10.8,"Carteret",0.0361785714285714,33.4642857142857
31,"Coffey","KS",10.8,"Duval",0.0365978260869565,33.8586956521739
31,"Comanche","OK",294,"Carteret",0.0361785714285714,33.4642857142857
31,"Comanche","OK",294,"Duval",0.0365978260869565,33.8586956521739
31,"Douglas","WI",7.5,"Carteret",0.0361785714285714,33.4642857142857
31,"Douglas","WI",7.5,"Duval",0.0365978260869565,33.8586956521739
31,"Montgomery","MD",123.775,"Carteret",0.0361785714285714,33.4642857142857
31,"Montgomery","MD",123.775,"Duval",0.0365978260869565,33.8586956521739
31,"Essex","NY",23.15,"Carteret",0.0361785714285714,33.4642857142857
31,"Essex","NY",23.15,"Duval",0.0365978260869565,33.8586956521739
31,"Cook","MN",87.35,"Carteret",0.0361785714285714,33.4642857142857
31,"Cook","MN",87.35,"Duval",0.0365978260869565,33.8586956521739
31,"Cheboygan","MI",21.3,"Carteret",0.0361785714285714,33.4642857142857
31,"Cheboygan","MI",21.3,"Duval",0.0365978260869565,33.8586956521739
31,"Washoe","NV",3.2,"Carteret",0.0361785714285714,33.4642857142857
31,"Washoe","NV",3.2,"Duval",0.0365978260869565,33.8586956521739
31,"DeSoto","LA",86,"Carteret",0.0361785714285714,33.4642857142857
31,"DeSoto","LA",86,"Duval",0.0365978260869565,33.8586956521739
31,"Kings","CA",29.1714285714286,"Carteret",0.0361785714285714,33.4642857142857
31,"Kings","CA",29.1714285714286,"Duval",0.0365978260869565,33.8586956521739
31,"Campbell","VA",71.1,"Carteret",0.0361785714285714,33.4642857142857
31,"Campbell","VA",71.1,"Duval",0.0365978260869565,33.8586956521739
31,"Platte","WY",1863,"Carteret",0.0361785714285714,33.4642857142857
31,"Platte","WY",1863,"Duval",0.0365978260869565,33.8586956521739
33,"King","WA",9,"Escambia",0.0358196721311475,33.1147540983607
33,"Burke","GA",317.6,"Escambia",0.0358196721311475,33.1147540983607
33,"Caroline","VA",892.5,"Escambia",0.0358196721311475,33.1147540983607
33,"Cerro Gordo","IA",346.5,"Escambia",0.0358196721311475,33.1147540983607
33,"Cheyenne","NE",5.1,"Escambia",0.0358196721311475,33.1147540983607
33,"Clearfield","PA",632,"Escambia",0.0358196721311475,33.1147540983607
33,"Harrison","WV",2052,"Escambia",0.0358196721311475,33.1147540983607
33,"East Baton Rouge","LA",166.32,"Escambia",0.0358196721311475,33.1147540983607
33,"Crawford","OH",27.45,"Escambia",0.0358196721311475,33.1147540983607
33,"Chippewa","MI",8.5,"Escambia",0.0358196721311475,33.1147540983607
33,"Carroll","MO",20.6,"Escambia",0.0358196721311475,33.1147540983607
33,"Cottonwood","MN",5.35,"Escambia",0.0358196721311475,33.1147540983607
33,"Colbert","AL",476,"Escambia",0.0358196721311475,33.1147540983607
33,"Prince Georges","MD",384.0625,"Escambia",0.0358196721311475,33.1147540983607
33,"Escambia","FL",461.84,"Escambia",0.0358196721311475,33.1147540983607
33,"Desoto","MS",903.9,"Escambia",0.0358196721311475,33.1147540983607
33,"Salem","NJ",212.6,"Escambia",0.0358196721311475,33.1147540983607
33,"Sheridan","WY",15,"Escambia",0.0358196721311475,33.1147540983607
35,"Dorchester","SC",22.5,"Flagler",0.0376451612903226,34.8709677419355
35,"Somerset","NJ",4.05,"Flagler",0.0376451612903226,34.8709677419355
35,"Davison","SD",3.9,"Flagler",0.0376451612903226,34.8709677419355
35,"Cuyahoga","OH",32.9666666666667,"Flagler",0.0376451612903226,34.8709677419355
35,"Salt Lake","UT",92.6777777777778,"Flagler",0.0376451612903226,34.8709677419355
35,"Bosque","TX",807,"Flagler",0.0376451612903226,34.8709677419355
35,"Cowley","KS",13.5666666666667,"Flagler",0.0376451612903226,34.8709677419355
35,"Fulton","NY",3.2,"Flagler",0.0376451612903226,34.8709677419355
35,"Klamath","OR",309.55,"Flagler",0.0376451612903226,34.8709677419355
35,"Lassen","CA",17.1666666666667,"Flagler",0.0376451612903226,34.8709677419355
35,"Catawba","NC",707.9,"Flagler",0.0376451612903226,34.8709677419355
35,"Clare","MI",1.6,"Flagler",0.0376451612903226,34.8709677419355
37,"Chickasaw","IA",26.5,"Edgefield",0.0338333333333333,31.3
37,"Dakota","MN",119.975,"Edgefield",0.0338333333333333,31.3
37,"Crawford","KS",7.2,"Edgefield",0.0338333333333333,31.3
37,"Cass","MO",363.733333333333,"Edgefield",0.0338333333333333,31.3
37,"Sweetwater","WY",631.1,"Edgefield",0.0338333333333333,31.3
37,"Quay","NM",27,"Edgefield",0.0338333333333333,31.3
37,"Clinton","MI",3.2,"Edgefield",0.0338333333333333,31.3
37,"Darke","OH",61.1,"Edgefield",0.0338333333333333,31.3
37,"Eagle","CO",11.1,"Edgefield",0.0338333333333333,31.3
37,"Davidson","TN",11.6,"Edgefield",0.0338333333333333,31.3
37,"Genesee","NY",26.5,"Edgefield",0.0338333333333333,31.3
37,"Los Angeles","CA",127.910344827586,"Edgefield",0.0338333333333333,31.3
41,"Cumberland","PA",25.6,"DeKalb",0.0338387096774194,31.2903225806452
41,"Lincoln","OR",18.8,"DeKalb",0.0338387096774194,31.2903225806452
41,"Delta","MI",72.5,"DeKalb",0.0338387096774194,31.2903225806452
41,"Gilchrist","FL",11,"DeKalb",0.0338387096774194,31.2903225806452
41,"Custer","NE",3.425,"DeKalb",0.0338387096774194,31.2903225806452
41,"Florence","SC",103.8,"DeKalb",0.0338387096774194,31.2903225806452
41,"Brazos","TX",90.1,"DeKalb",0.0338387096774194,31.2903225806452
41,"Warren","NJ",19.8,"DeKalb",0.0338387096774194,31.2903225806452
41,"Clay","IA",71.45,"DeKalb",0.0338387096774194,31.2903225806452
41,"Chariton","MO",6.4,"DeKalb",0.0338387096774194,31.2903225806452
41,"Carroll","KY",2225.9,"DeKalb",0.0338387096774194,31.2903225806452
41,"Chesterfield","VA",508.966666666667,"DeKalb",0.0338387096774194,31.2903225806452
41,"Desha","AR",28,"DeKalb",0.0338387096774194,31.2903225806452
41,"Lewis","WA",713.95,"DeKalb",0.0338387096774194,31.2903225806452
41,"Marin","CA",4,"DeKalb",0.0338387096774194,31.2903225806452
41,"Delaware","OH",4,"DeKalb",0.0338387096774194,31.2903225806452
41,"WARREN","NJ",12.3,"DeKalb",0.0338387096774194,31.2903225806452
41,"Douglas","MN",9.2,"DeKalb",0.0338387096774194,31.2903225806452
41,"El Paso","CO",222.916666666667,"DeKalb",0.0338387096774194,31.2903225806452
41,"Chowan","NC",2.4,"DeKalb",0.0338387096774194,31.2903225806452
41,"Dickinson","KS",1.6,"DeKalb",0.0338387096774194,31.2903225806452
41,"Talbot","MD",36.2,"DeKalb",0.0338387096774194,31.2903225806452
45,"Clinton","IA",180,"Greenville",0.0316,29.2333333333333
45,"Cleveland","NC",563.28,"Greenville",0.0316,29.2333333333333
45,"Jefferson","NY",41.6,"Greenville",0.0316,29.2333333333333
45,"Wicomico","MD",5.4,"Greenville",0.0316,29.2333333333333
45,"Clark","MO",7.4,"Greenville",0.0316,29.2333333333333
45,"Gulf","FL",5.5,"Greenville",0.0316,29.2333333333333
45,"Tooele","UT",48,"Greenville",0.0316,29.2333333333333
45,"Delaware","PA",494.18,"Greenville",0.0316,29.2333333333333
45,"Eaton","MI",208.95,"Greenville",0.0316,29.2333333333333
45,"Greenville","SC",3.2,"Greenville",0.0316,29.2333333333333
45,"GREENVILLE","SC",4.1,"Greenville",0.0316,29.2333333333333
45,"Garfield","CO",84,"Greenville",0.0316,29.2333333333333
45,"San Juan","NM",875.733333333333,"Greenville",0.0316,29.2333333333333
45,"Iberia","LA",3,"Greenville",0.0316,29.2333333333333
45,"Douglas","KS",175.866666666667,"Greenville",0.0316,29.2333333333333
45,"Fillmore","MN",5.4,"Greenville",0.0316,29.2333333333333
49,"Goodhue","MN",125.066666666667,"DeKalb",0.0343548387096774,31.7741935483871
49,"Goodhue","MN",125.066666666667,"Hinds",0.033258064516129,30.7741935483871
49,"Effingham","IL",7.2,"DeKalb",0.0343548387096774,31.7741935483871
49,"Effingham","IL",7.2,"Hinds",0.033258064516129,30.7741935483871
49,"Genesee","MI",15.175,"DeKalb",0.0343548387096774,31.7741935483871
49,"Genesee","MI",15.175,"Hinds",0.033258064516129,30.7741935483871
49,"Jackson","LA",66.4,"DeKalb",0.0343548387096774,31.7741935483871
49,"Jackson","LA",66.4,"Hinds",0.033258064516129,30.7741935483871
49,"Erie","PA",4.35,"DeKalb",0.0343548387096774,31.7741935483871
49,"Erie","PA",4.35,"Hinds",0.033258064516129,30.7741935483871
49,"Deuel","NE",1.1,"DeKalb",0.0343548387096774,31.7741935483871
49,"Deuel","NE",1.1,"Hinds",0.033258064516129,30.7741935483871
49,"Dekalb","AL",4.8,"DeKalb",0.0343548387096774,31.7741935483871
49,"Dekalb","AL",4.8,"Hinds",0.033258064516129,30.7741935483871
49,"Craven","NC",31.1666666666667,"DeKalb",0.0343548387096774,31.7741935483871
49,"Craven","NC",31.1666666666667,"Hinds",0.033258064516129,30.7741935483871
49,"Hardee","FL",683.8,"DeKalb",0.0343548387096774,31.7741935483871
49,"Hardee","FL",683.8,"Hinds",0.033258064516129,30.7741935483871
49,"Franklin","OH",2.18,"DeKalb",0.0343548387096774,31.7741935483871
49,"Franklin","OH",2.18,"Hinds",0.033258064516129,30.7741935483871
49,"Faulk","SD",2.7,"DeKalb",0.0343548387096774,31.7741935483871
49,"Faulk","SD",2.7,"Hinds",0.033258064516129,30.7741935483871
49,"Utah","UT",265.7,"DeKalb",0.0343548387096774,31.7741935483871
49,"Utah","UT",265.7,"Hinds",0.033258064516129,30.7741935483871
49,"Clark","KY",1055,"DeKalb",0.0343548387096774,31.7741935483871
49,"Clark","KY",1055,"Hinds",0.033258064516129,30.7741935483871
49,"Marion","WV",95.7,"DeKalb",0.0343548387096774,31.7741935483871
49,"Marion","WV",95.7,"Hinds",0.033258064516129,30.7741935483871
49,"Morrow","OR",218.52,"DeKalb",0.0343548387096774,31.7741935483871
49,"Morrow","OR",218.52,"Hinds",0.033258064516129,30.7741935483871
49,"Hinds","MS",302.3,"DeKalb",0.0343548387096774,31.7741935483871
49,"Hinds","MS",302.3,"Hinds",0.033258064516129,30.7741935483871
49,"Lewis","NY",107.8,"DeKalb",0.0343548387096774,31.7741935483871
49,"Lewis","NY",107.8,"Hinds",0.033258064516129,30.7741935483871
49,"Culebra","PR",2.1,"DeKalb",0.0343548387096774,31.7741935483871
49,"Culebra","PR",2.1,"Hinds",0.033258064516129,30.7741935483871
55,"Kershaw","SC",19,"Highlands",0.0404666666666667,37.5
55,"Greene","AR",16.55,"Highlands",0.0404666666666667,37.5
55,"Greer","OK",6.7,"Highlands",0.0404666666666667,37.5
55,"Kootenai","ID",157.033333333333,"Highlands",0.0404666666666667,37.5
55,"Jefferson","WI",223.833333333333,"Highlands",0.0404666666666667,37.5
55,"Delaware","IA",2.95,"Highlands",0.0404666666666667,37.5
55,"Finney","KS",158.65,"Highlands",0.0404666666666667,37.5
55,"Etowah","AL",138,"Highlands",0.0404666666666667,37.5
55,"Napa","CA",2.9,"Highlands",0.0404666666666667,37.5
55,"Lafayette","LA",100.8,"Highlands",0.0404666666666667,37.5
55,"Greene","IN",242,"Highlands",0.0404666666666667,37.5
55,"Douglas","NE",196.025,"Highlands",0.0404666666666667,37.5
55,"Franklin","PA",27.92,"Highlands",0.0404666666666667,37.5
55,"Dare","NC",15,"Highlands",0.0404666666666667,37.5
55,"McLean","ND",1215.6,"Highlands",0.0404666666666667,37.5
55,"Monroe","NY",40.35,"Highlands",0.0404666666666667,37.5
57,"Tillamook","OR",1,"Hillsborough",0.0384308943089431,35.5934959349593
57,"Davidson","NC",2.36,"Hillsborough",0.0384308943089431,35.5934959349593
57,"Hillsborough","FL",785.483333333333,"Hillsborough",0.0384308943089431,35.5934959349593
57,"Hempstead","AR",381.9,"Hillsborough",0.0384308943089431,35.5934959349593
57,"Hamilton","IN",283,"Hillsborough",0.0384308943089431,35.5934959349593
57,"Ford","KS",149,"Hillsborough",0.0384308943089431,35.5934959349593
57,"Calhoun","TX",192.1,"Hillsborough",0.0384308943089431,35.5934959349593
57,"Guayama","PR",510,"Hillsborough",0.0384308943089431,35.5934959349593
57,"Skagit","WA",181.266666666667,"Hillsborough",0.0384308943089431,35.5934959349593
57,"Des Moines","IA",290.8,"Hillsborough",0.0384308943089431,35.5934959349593
57,"Juneau","WI",7.45,"Hillsborough",0.0384308943089431,35.5934959349593
57,"Mercer","ND",686.666666666667,"Hillsborough",0.0384308943089431,35.5934959349593
59,"Hillsdale","MI",11.6,"Holmes",0.0354193548387097,32.7741935483871
59,"Hot Spring","AR",671.1,"Holmes",0.0354193548387097,32.7741935483871
59,"Morton","ND",71.9333333333333,"Holmes",0.0354193548387097,32.7741935483871
59,"Isanti","MN",67.7666666666667,"Holmes",0.0354193548387097,32.7741935483871
59,"Jackson","MS",1199.75,"Holmes",0.0354193548387097,32.7741935483871
59,"Fairfax","VA",63.6,"Holmes",0.0354193548387097,32.7741935483871
59,"Umatilla","OR",655.3,"Holmes",0.0354193548387097,32.7741935483871
59,"Dickinson","IA",5.25,"Holmes",0.0354193548387097,32.7741935483871
59,"Clarke","GA",3.1,"Holmes",0.0354193548387097,32.7741935483871
59,"Jefferson","CO",88.8666666666667,"Holmes",0.0354193548387097,32.7741935483871
59,"Lemhi","ID",5,"Holmes",0.0354193548387097,32.7741935483871
59,"Nassau","NY",101.413333333333,"Holmes",0.0354193548387097,32.7741935483871
59,"Harper","OK",4,"Holmes",0.0354193548387097,32.7741935483871
59,"Greene","PA",664.7,"Holmes",0.0354193548387097,32.7741935483871
59,"Franklin","KS",30.7,"Holmes",0.0354193548387097,32.7741935483871
59,"Orange","CA",42.5783783783784,"Holmes",0.0354193548387097,32.7741935483871
59,"Kenosha","WI",195.2,"Holmes",0.0354193548387097,32.7741935483871
61,"Monongalia","WV",676.133333333333,"Indian River",0.0429354838709677,39.9354838709677
61,"Dubuque","IA",5.825,"Indian River",0.0429354838709677,39.9354838709677
61,"New York","NY",56.33125,"Indian River",0.0429354838709677,39.9354838709677
61,"Lincoln","LA",7.5,"Indian River",0.0429354838709677,39.9354838709677
61,"Daviess","MO",7.2,"Indian River",0.0429354838709677,39.9354838709677
61,"Duplin","NC",2.4,"Indian River",0.0429354838709677,39.9354838709677
61,"Placer","CA",59.65,"Indian River",0.0429354838709677,39.9354838709677
61,"Franklin","NE",2.45,"Indian River",0.0429354838709677,39.9354838709677
61,"Valencia","NM",100.9,"Indian River",0.0429354838709677,39.9354838709677
61,"Fauquier","VA",609.4,"Indian River",0.0429354838709677,39.9354838709677
61,"Lee","SC",11.2,"Indian River",0.0429354838709677,39.9354838709677
61,"Hamilton","OH",250.76,"Indian River",0.0429354838709677,39.9354838709677
61,"Cameron","TX",29.95,"Indian River",0.0429354838709677,39.9354838709677
61,"Itasca","MN",475.85,"Indian River",0.0429354838709677,39.9354838709677
61,"Snohomish","WA",3.25,"Indian River",0.0429354838709677,39.9354838709677
69,"Humacao","PR",1.6,"Lake",0.038258064516129,35.4193548387097
69,"Henry","OH",19.2333333333333,"Lake",0.038258064516129,35.4193548387097
69,"Larimer","CO",800.4,"Lake",0.038258064516129,35.4193548387097
69,"Jefferson","AR",705.133333333333,"Lake",0.038258064516129,35.4193548387097
69,"Kemper","MS",606,"Lake",0.038258064516129,35.4193548387097
69,"Frederick","VA",8.5,"Lake",0.038258064516129,35.4193548387097
69,"Houston","AL",8.6,"Lake",0.038258064516129,35.4193548387097
69,"Ontario","NY",11.2,"Lake",0.038258064516129,35.4193548387097
69,"Lake","FL",9.8,"Lake",0.038258064516129,35.4193548387097
69,"Dunklin","MO",184.633333333333,"Lake",0.038258064516129,35.4193548387097
69,"Nez Perce","ID",113.8,"Lake",0.038258064516129,35.4193548387097
69,"Lackawanna","PA",532.266666666667,"Lake",0.038258064516129,35.4193548387097
69,"Natchitoches","LA",78.8,"Lake",0.038258064516129,35.4193548387097
69,"Lincoln","WI",18.7,"Lake",0.038258064516129,35.4193548387097
69,"Marlboro","SC",51.4,"Lake",0.038258064516129,35.4193548387097
71,"Koochiching","MN",52.3,"Lee",0.038983606557377,36.0983606557377
71,"Las Animas","CO",9.2,"Lee",0.038983606557377,36.0983606557377
71,"Yamhill","OR",4.8,"Lee",0.038983606557377,36.0983606557377
71,"Garfield","NE",3.9,"Lee",0.038983606557377,36.0983606557377
71,"Giles","VA",27.2,"Lee",0.038983606557377,36.0983606557377
71,"Lee","FL",1369.95,"Lee",0.038983606557377,36.0983606557377
71,"Chambers","TX",505.883333333333,"Lee",0.038983606557377,36.0983606557377
71,"Gaston","NC",66.4714285714286,"Lee",0.038983606557377,36.0983606557377
71,"San Bernardino","CA",98.432,"Lee",0.038983606557377,36.0983606557377
71,"Kay","OK",152.15,"Lee",0.038983606557377,36.0983606557377
71,"Hardin","TN",72.5,"Lee",0.038983606557377,36.0983606557377
71,"Lancaster","PA",8.77142857142857,"Lee",0.038983606557377,36.0983606557377
71,"Franklin","MO",2389.4,"Lee",0.038983606557377,36.0983606557377
71,"Orange","NY",432.816666666667,"Lee",0.038983606557377,36.0983606557377
71,"Orleans","LA",250,"Lee",0.038983606557377,36.0983606557377
71,"Jackson","AL",14,"Lee",0.038983606557377,36.0983606557377
71,"Manitowoc","WI",48.9,"Lee",0.038983606557377,36.0983606557377
73,"Lincoln","CO",154.2,"Jefferson",0.0312142857142857,28.8571428571429
73,"Lincoln","CO",154.2,"Leon",0.0344137931034483,31.7586206896552
73,"Leon","FL",345.85,"Jefferson",0.0312142857142857,28.8571428571429
73,"Leon","FL",345.85,"Leon",0.0344137931034483,31.7586206896552
73,"Jefferson","AL",950.266666666667,"Jefferson",0.0312142857142857,28.8571428571429
73,"Jefferson","AL",950.266666666667,"Leon",0.0344137931034483,31.7586206896552
73,"Lawrence","PA",694.05,"Jefferson",0.0312142857142857,28.8571428571429
73,"Lawrence","PA",694.05,"Leon",0.0344137931034483,31.7586206896552
73,"Ouachita","LA",467.875,"Jefferson",0.0312142857142857,28.8571428571429
73,"Ouachita","LA",467.875,"Leon",0.0344137931034483,31.7586206896552
73,"Gosper","NE",108.8,"Jefferson",0.0312142857142857,28.8571428571429
73,"Gosper","NE",108.8,"Leon",0.0344137931034483,31.7586206896552
73,"Whatcom","WA",151.72,"Jefferson",0.0312142857142857,28.8571428571429
73,"Whatcom","WA",151.72,"Leon",0.0344137931034483,31.7586206896552
73,"Marathon","WI",296.675,"Jefferson",0.0312142857142857,28.8571428571429
73,"Marathon","WI",296.675,"Leon",0.0344137931034483,31.7586206896552
73,"Kingfisher","OK",9.1,"Jefferson",0.0312142857142857,28.8571428571429
73,"Kingfisher","OK",9.1,"Leon",0.0344137931034483,31.7586206896552
73,"Jasper","IN",188.566666666667,"Jefferson",0.0312142857142857,28.8571428571429
73,"Jasper","IN",188.566666666667,"Leon",0.0344137931034483,31.7586206896552
73,"Pleasants","WV",856,"Jefferson",0.0312142857142857,28.8571428571429
73,"Pleasants","WV",856,"Leon",0.0344137931034483,31.7586206896552
73,"Isabella","MI",4.8,"Jefferson",0.0312142857142857,28.8571428571429
73,"Isabella","MI",4.8,"Leon",0.0344137931034483,31.7586206896552
73,"Oconee","SC",6.45,"Jefferson",0.0312142857142857,28.8571428571429
73,"Oconee","SC",6.45,"Leon",0.0344137931034483,31.7586206896552
73,"Lamar","MS",0,"Jefferson",0.0312142857142857,28.8571428571429
73,"Lamar","MS",0,"Leon",0.0344137931034483,31.7586206896552
73,"San Diego","CA",68.2777777777778,"Jefferson",0.0312142857142857,28.8571428571429
73,"San Diego","CA",68.2777777777778,"Leon",0.0344137931034483,31.7586206896552
73,"Greene","IA",1.7,"Jefferson",0.0312142857142857,28.8571428571429
73,"Greene","IA",1.7,"Leon",0.0344137931034483,31.7586206896552
73,"Cherokee","TX",713.4,"Jefferson",0.0312142857142857,28.8571428571429
73,"Cherokee","TX",713.4,"Leon",0.0344137931034483,31.7586206896552
73,"Ransom","ND",9.8,"Jefferson",0.0312142857142857,28.8571428571429
73,"Ransom","ND",9.8,"Leon",0.0344137931034483,31.7586206896552
73,"Hawkins","TN",996.9,"Jefferson",0.0312142857142857,28.8571428571429
73,"Hawkins","TN",996.9,"Leon",0.0344137931034483,31.7586206896552
77,"Richland","ND",1.5,"Liberty",0.0361290322580645,33.4193548387097
77,"San Joaquin","CA",78.925,"Liberty",0.0361290322580645,33.4193548387097
77,"Pointe Coupee","LA",801.7,"Liberty",0.0361290322580645,33.4193548387097
77,"Otsego","NY",5.6,"Liberty",0.0361290322580645,33.4193548387097
77,"Mesa","CO",26.6,"Liberty",0.0361290322580645,33.4193548387097
77,"Harper","KS",11.1,"Liberty",0.0361290322580645,33.4193548387097
77,"Pickens","SC",9.45,"Liberty",0.0361290322580645,33.4193548387097
77,"Greene","MO",184.54,"Liberty",0.0361290322580645,33.4193548387097
77,"Kingsbury","SD",24.1,"Liberty",0.0361290322580645,33.4193548387097
77,"Lawrence","MS",81.5,"Liberty",0.0361290322580645,33.4193548387097
77,"Lehigh","PA",64,"Liberty",0.0361290322580645,33.4193548387097
77,"Coweta","GA",807.4,"Liberty",0.0361290322580645,33.4193548387097
77,"Guthrie","IA",2.8,"Liberty",0.0361290322580645,33.4193548387097
77,"GUTHRIE","IA",4.5,"Liberty",0.0361290322580645,33.4193548387097
77,"Greeley","NE",2.1,"Liberty",0.0361290322580645,33.4193548387097
77,"Jefferson","IN",1303.8,"Liberty",0.0361290322580645,33.4193548387097
77,"Kalamazoo","MI",23.8,"Liberty",0.0361290322580645,33.4193548387097
77,"Jackson","IL",323,"Liberty",0.0361290322580645,33.4193548387097
77,"Huron","OH",2.7,"Liberty",0.0361290322580645,33.4193548387097
79,"Grundy","MO",13.75,"Richland",0.0328,30.28
79,"Milwaukee","WI",423.428571428571,"Richland",0.0328,30.28
79,"Luzerne","PA",214.771428571429,"Richland",0.0328,30.28
79,"Jasper","IL",617.4,"Richland",0.0328,30.28
79,"Putnam","WV",2932.6,"Richland",0.0328,30.28
79,"San Luis Obispo","CA",2.8,"Richland",0.0328,30.28
79,"Richland","SC",232.375,"Richland",0.0328,30.28
79,"Hamilton","IA",13.15,"Richland",0.0328,30.28
79,"Le Sueur","MN",12.45,"Richland",0.0328,30.28
79,"Le Flore","OK",350,"Richland",0.0328,30.28
79,"Hall","NE",126.3,"Richland",0.0328,30.28
79,"Rapides","LA",886.2,"Richland",0.0328,30.28
79,"Kalkaska","MI",60.5,"Richland",0.0328,30.28
81,"Little River","AR",156.5,"Manatee",0.0371444444444444,34.4222222222222
81,"Coke","TX",1.8,"Manatee",0.0371444444444444,34.4222222222222
81,"Lee","AL",1995.7,"Manatee",0.0371444444444444,34.4222222222222
81,"Manatee","FL",999.866666666667,"Manatee",0.0371444444444444,34.4222222222222
81,"Jefferson","OH",1793.45,"Manatee",0.0371444444444444,34.4222222222222
81,"Monroe","WI",3.5,"Manatee",0.0371444444444444,34.4222222222222
81,"Johnson","IN",2,"Manatee",0.0371444444444444,34.4222222222222
81,"Guilford","NC",3.26666666666667,"Manatee",0.0371444444444444,34.4222222222222
81,"Kent","MI",19.4666666666667,"Manatee",0.0371444444444444,34.4222222222222
81,"LEE","AL",103,"Manatee",0.0371444444444444,34.4222222222222
81,"Lycoming","PA",185.38,"Manatee",0.0371444444444444,34.4222222222222
81,"Greensville","VA",1773.3,"Manatee",0.0371444444444444,34.4222222222222
81,"Queens","NY",409.446666666667,"Manatee",0.0371444444444444,34.4222222222222
81,"Raleigh","WV",3.2,"Manatee",0.0371444444444444,34.4222222222222
81,"Red River","LA",20.8,"Manatee",0.0371444444444444,34.4222222222222
81,"Moffat","CO",1427.6,"Manatee",0.0371444444444444,34.4222222222222
81,"San Mateo","CA",4.34,"Manatee",0.0371444444444444,34.4222222222222
81,"KENT","MI",3.2,"Manatee",0.0371444444444444,34.4222222222222
83,"Marion","FL",2.4,"Marion",0.0363387096774194,33.6774193548387
83,"Lyon","MN",18,"Marion",0.0363387096774194,33.6774193548387
83,"Logan","OK",338,"Marion",0.0363387096774194,33.6774193548387
83,"Knox","IN",652.45,"Marion",0.0363387096774194,33.6774193548387
83,"Lincoln","SD",3.6,"Marion",0.0363387096774194,33.6774193548387
83,"Richland","MT",11.3,"Marion",0.0363387096774194,33.6774193548387
83,"Rensselaer","NY",168.4,"Marion",0.0363387096774194,33.6774193548387
83,"Santa Barbara","CA",20.3333333333333,"Marion",0.0363387096774194,33.6774193548387
83,"Spartanburg","SC",6,"Marion",0.0363387096774194,33.6774193548387
83,"Halifax","NC",104.15,"Marion",0.0363387096774194,33.6774193548387
83,"Halifax","VA",448.95,"Marion",0.0363387096774194,33.6774193548387
83,"Twin Falls","ID",6.7,"Marion",0.0363387096774194,33.6774193548387
83,"Hodgeman","KS",2.5,"Marion",0.0363387096774194,33.6774193548387
85,"Lake","OH",55.5,"Martin",0.0387096774193548,35.8064516129032
85,"Mercer","PA",4.4,"Martin",0.0387096774193548,35.8064516129032
85,"Jackson","KS",21.5,"Martin",0.0387096774193548,35.8064516129032
85,"Santa Clara","CA",35.2836734693878,"Martin",0.0387096774193548,35.8064516129032
85,"Lowndes","AL",97,"Martin",0.0387096774193548,35.8064516129032
85,"McLeod","MN",41.525,"Martin",0.0387096774193548,35.8064516129032
85,"Martin","FL",2448.5,"Martin",0.0387096774193548,35.8064516129032
85,"Oneida","WI",21.3,"Martin",0.0387096774193548,35.8064516129032
85,"Humphreys","TN",1426,"Martin",0.0387096774193548,35.8064516129032
85,"Roosevelt","MT",56.0666666666667,"Martin",0.0387096774193548,35.8064516129032
85,"Collin","TX",86.56,"Martin",0.0387096774193548,35.8064516129032
85,"Richmond","NY",121.175,"Martin",0.0387096774193548,35.8064516129032
85,"Hanover","VA",1313,"Martin",0.0387096774193548,35.8064516129032
86,"Miami Dade","FL",27.1,"Miami-Dade",0.0395806451612903,36.9193548387097
89,"Ozaukee","WI",1208.8,"DeKalb",0.0280666666666667,25.8666666666667
89,"St Charles","LA",830.54,"DeKalb",0.0280666666666667,25.8666666666667
89,"Holt","NE",1.9,"DeKalb",0.0280666666666667,25.8666666666667
89,"Howard","MO",10.9,"DeKalb",0.0280666666666667,25.8666666666667
89,"Howard","IA",1.6,"DeKalb",0.0280666666666667,25.8666666666667
89,"McCurtain","OK",68,"DeKalb",0.0280666666666667,25.8666666666667
89,"Otero","CO",10,"DeKalb",0.0280666666666667,25.8666666666667
89,"Greenup","KY",2.4,"DeKalb",0.0280666666666667,25.8666666666667
89,"Henry","VA",1.1,"DeKalb",0.0280666666666667,25.8666666666667
89,"Nassau","FL",53.5,"DeKalb",0.0280666666666667,25.8666666666667
89,"St Lawrence","NY",65.5,"DeKalb",0.0280666666666667,25.8666666666667
89,"Lake","IN",147.4125,"DeKalb",0.0280666666666667,25.8666666666667
89,"Monroe","PA",20,"DeKalb",0.0280666666666667,25.8666666666667
89,"Kane","IL",66.8142857142857,"DeKalb",0.0280666666666667,25.8666666666667
89,"Colorado","TX",51,"DeKalb",0.0280666666666667,25.8666666666667
89,"DeKalb","GA",2.75,"DeKalb",0.0280666666666667,25.8666666666667
89,"Shasta","CA",63.84,"DeKalb",0.0280666666666667,25.8666666666667
91,"York","SC",2.9,"Okaloosa",0.0348387096774194,32.3225806451613
91,"Howell","MO",47.4,"Okaloosa",0.0348387096774194,32.3225806451613
91,"Hancock","KY",88,"Okaloosa",0.0348387096774194,32.3225806451613
91,"Comal","TX",3.2,"Okaloosa",0.0348387096774194,32.3225806451613
91,"Highland","VA",6,"Okaloosa",0.0348387096774194,32.3225806451613
91,"LaPorte","IN",273.2,"Okaloosa",0.0348387096774194,32.3225806451613
91,"Saratoga","NY",83.5,"Okaloosa",0.0348387096774194,32.3225806451613
91,"Johnson","KS",223.6,"Okaloosa",0.0348387096774194,32.3225806451613
91,"Kankakee","IL",4.2,"Okaloosa",0.0348387096774194,32.3225806451613
91,"Montgomery","PA",28.1142857142857,"Okaloosa",0.0348387096774194,32.3225806451613
91,"Lenawee","MI",2.4,"Okaloosa",0.0348387096774194,32.3225806451613
91,"Martin","MN",147,"Okaloosa",0.0348387096774194,32.3225806451613
91,"Marengo","AL",47.4,"Okaloosa",0.0348387096774194,32.3225806451613
95,"Hyde","NC",4,"Orange",0.0362105263157895,33.4912280701754
95,"Iowa","IA",12.6,"Orange",0.0362105263157895,33.4912280701754
95,"Jackson","MO",240.15,"Orange",0.0362105263157895,33.4912280701754
95,"Dougherty","GA",20.1333333333333,"Orange",0.0362105263157895,33.4912280701754
95,"Mille Lacs","MN",12.3,"Orange",0.0362105263157895,33.4912280701754
95,"Luce","MI",5.5,"Orange",0.0362105263157895,33.4912280701754
95,"Polk","WI",8.45,"Orange",0.0362105263157895,33.4912280701754
95,"Solano","CA",28.6727272727273,"Orange",0.0362105263157895,33.4912280701754
95,"Orange","FL",535.675,"Orange",0.0362105263157895,33.4912280701754
95,"Northampton","PA",656.116666666667,"Orange",0.0362105263157895,33.4912280701754
95,"Madison","IN",86.15,"Orange",0.0362105263157895,33.4912280701754
95,"Marshall","AL",4,"Orange",0.0362105263157895,33.4912280701754
95,"Lucas","OH",255.7,"Orange",0.0362105263157895,33.4912280701754
95,"Kingman","KS",19.1,"Orange",0.0362105263157895,33.4912280701754
97,"Jackson","IA",11.45,"Osceola",0.0369677419354839,34.1935483870968
97,"Osceola","FL",623.225,"Osceola",0.0369677419354839,34.1935483870968
97,"Mobile","AL",645.78,"Osceola",0.0369677419354839,34.1935483870968
97,"Jasper","MO",370.433333333333,"Osceola",0.0369677419354839,34.1935483870968
97,"Marion","IN",285.12,"Osceola",0.0369677419354839,34.1935483870968
97,"Traill","ND",8.65,"Osceola",0.0369677419354839,34.1935483870968
97,"Iredell","NC",2.4,"Osceola",0.0369677419354839,34.1935483870968
97,"Sonoma","CA",3.38,"Osceola",0.0369677419354839,34.1935483870968
97,"Northumberland","PA",47.3,"Osceola",0.0369677419354839,34.1935483870968
97,"Mayaguez","PR",3.7,"Osceola",0.0369677419354839,34.1935483870968
97,"Mayes","OK",1131.95,"Osceola",0.0369677419354839,34.1935483870968
97,"King and Queen","VA",10.8,"Osceola",0.0369677419354839,34.1935483870968
97,"Lake","IL",351.5,"Osceola",0.0369677419354839,34.1935483870968
97,"Portage","WI",7.6,"Osceola",0.0369677419354839,34.1935483870968
97,"Johnson","NE",7,"Osceola",0.0369677419354839,34.1935483870968
99,"Prowers","CO",2.9,"Palm Beach",0.0387096774193548,35.8870967741936
99,"Early","GA",101.2,"Palm Beach",0.0387096774193548,35.8870967741936
99,"Jefferson","MO",1242,"Palm Beach",0.0387096774193548,35.8870967741936
99,"Walsh","ND",4,"Palm Beach",0.0387096774193548,35.8870967741936
99,"Palm Beach","FL",990.65,"Palm Beach",0.0387096774193548,35.8870967741936
99,"Stanislaus","CA",134.4,"Palm Beach",0.0387096774193548,35.8870967741936
99,"Marshall","IN",7.6,"Palm Beach",0.0387096774193548,35.8870967741936
99,"Minnehaha","SD",405.7,"Palm Beach",0.0387096774193548,35.8870967741936
99,"Monroe","AL",58.5,"Palm Beach",0.0387096774193548,35.8870967741936
99,"Mower","MN",467.8,"Palm Beach",0.0387096774193548,35.8870967741936
99,"Macomb","MI",50.4666666666667,"Palm Beach",0.0387096774193548,35.8870967741936
99,"Mahoning","OH",14.8,"Palm Beach",0.0387096774193548,35.8870967741936
99,"Seneca","NY",17.6,"Palm Beach",0.0387096774193548,35.8870967741936
99,"King George","VA",13.2,"Palm Beach",0.0387096774193548,35.8870967741936
99,"Wayne","WV",436.2,"Palm Beach",0.0387096774193548,35.8870967741936
99,"LaSalle","IL",36,"Palm Beach",0.0387096774193548,35.8870967741936
101,"Pueblo","CO",523.325,"Pasco",0.0376451612903226,34.8709677419355
101,"Johnston","NC",1.6,"Pasco",0.0376451612903226,34.8709677419355
101,"Manistee","MI",44.75,"Pasco",0.0376451612903226,34.8709677419355
101,"Martin","IN",5,"Pasco",0.0376451612903226,34.8709677419355
101,"Johnson","MO",321.3,"Pasco",0.0376451612903226,34.8709677419355
101,"Pasco","FL",561.6,"Pasco",0.0376451612903226,34.8709677419355
101,"Philadelphia","PA",55.41,"Pasco",0.0376451612903226,34.8709677419355
101,"Marion","OH",4.8,"Pasco",0.0376451612903226,34.8709677419355
101,"King William","VA",101,"Pasco",0.0376451612903226,34.8709677419355
101,"Muskogee","OK",915,"Pasco",0.0376451612903226,34.8709677419355
101,"Sutter","CA",139.116666666667,"Pasco",0.0376451612903226,34.8709677419355
101,"Racine","WI",10,"Pasco",0.0376451612903226,34.8709677419355
101,"St Mary","LA",156.433333333333,"Pasco",0.0376451612903226,34.8709677419355
103,"Ouachita","AR",136,"Pinellas",0.0387362637362637,35.8241758241758
103,"Medina","OH",8.1,"Pinellas",0.0387362637362637,35.8241758241758
103,"Pinellas","FL",592.966666666667,"Pinellas",0.0387362637362637,35.8241758241758
103,"Miami","IN",1.8,"Pinellas",0.0387362637362637,35.8241758241758
103,"Tehama","CA",46.4,"Pinellas",0.0387362637362637,35.8241758241758
103,"Effingham","GA",731,"Pinellas",0.0387362637362637,35.8241758241758
103,"Lee","IL",659.75,"Pinellas",0.0387362637362637,35.8241758241758
103,"Pennington","SD",75,"Pinellas",0.0387362637362637,35.8241758241758
103,"Marquette","MI",68.9666666666667,"Pinellas",0.0387362637362637,35.8241758241758
103,"Crane","TX",203,"Pinellas",0.0387362637362637,35.8241758241758
103,"Johnson","IA",30.325,"Pinellas",0.0387362637362637,35.8241758241758
103,"Noble","OK",1138,"Pinellas",0.0387362637362637,35.8241758241758
103,"Suffolk","NY",144.35,"Pinellas",0.0387362637362637,35.8241758241758
103,"SUFFOLK","NY",54,"Pinellas",0.0387362637362637,35.8241758241758
103,"Morgan","AL",601.333333333333,"Pinellas",0.0387362637362637,35.8241758241758
103,"Richland","WI",1.8,"Pinellas",0.0387362637362637,35.8241758241758
105,"Polk","FL",425.285714285714,"Polk",0.0371803278688525,34.4262295081967
105,"Nobles","MN",2,"Polk",0.0371803278688525,34.4262295081967
105,"Rock","WI",352.125,"Polk",0.0371803278688525,34.4262295081967
105,"Livingston","IL",15,"Polk",0.0371803278688525,34.4262295081967
105,"Loudon","TN",61.4,"Polk",0.0371803278688525,34.4262295081967
105,"Lincoln","KS",8.8,"Polk",0.0371803278688525,34.4262295081967
105,"Hoonah-Angoon","AK",1.75,"Polk",0.0371803278688525,34.4262295081967
105,"Mason","MI",138.1,"Polk",0.0371803278688525,34.4262295081967
105,"Williams","ND",293.1,"Polk",0.0371803278688525,34.4262295081967
105,"Kimball","NE",9.6,"Polk",0.0371803278688525,34.4262295081967
111,"Perry","MS",50.4,"St. Lucie",0.0402,37.2666666666667
111,"Ventura","CA",178.8,"St. Lucie",0.0402,37.2666666666667
111,"Jefferson","KY",911.6,"St. Lucie",0.0402,37.2666666666667
111,"Penuelas","PR",580,"St. Lucie",0.0402,37.2666666666667
111,"Monroe","OH",525.8,"St. Lucie",0.0402,37.2666666666667
111,"St Lucie","FL",411.4,"St. Lucie",0.0402,37.2666666666667
111,"McHenry","IL",15.2666666666667,"St. Lucie",0.0402,37.2666666666667
111,"Midland","MI",1853.8,"St. Lucie",0.0402,37.2666666666667
111,"Lee","IA",84.4,"St. Lucie",0.0402,37.2666666666667
111,"Somerset","PA",10.5333333333333,"St. Lucie",0.0402,37.2666666666667
111,"Lyon","KS",365.6,"St. Lucie",0.0402,37.2666666666667
111,"Yellowstone","MT",23.7,"St. Lucie",0.0402,37.2666666666667
111,"Lincoln","NE",1362.6,"St. Lucie",0.0402,37.2666666666667
113,"Osage","OK",6.1,"Santa Rosa",0.0371666666666667,34.4
113,"Osage","OK",6.1,"Macon",0.0333333333333333,30.7666666666667
113,"Warren","NY",29,"Santa Rosa",0.0371666666666667,34.4
113,"Warren","NY",29,"Macon",0.0333333333333333,30.7666666666667
113,"Montgomery","OH",213.325,"Santa Rosa",0.0371666666666667,34.4
113,"Montgomery","OH",213.325,"Macon",0.0333333333333333,30.7666666666667
113,"Sawyer","WI",5.6,"Santa Rosa",0.0371666666666667,34.4
113,"Sawyer","WI",5.6,"Macon",0.0333333333333333,30.7666666666667
113,"McPherson","KS",165.2,"Santa Rosa",0.0371666666666667,34.4
113,"McPherson","KS",165.2,"Macon",0.0333333333333333,30.7666666666667
113,"Missaukee","MI",20,"Santa Rosa",0.0371666666666667,34.4
113,"Missaukee","MI",20,"Macon",0.0333333333333333,30.7666666666667
113,"Santa Rosa","FL",144.3,"Santa Rosa",0.0371666666666667,34.4
113,"Santa Rosa","FL",144.3,"Macon",0.0333333333333333,30.7666666666667
113,"Russell","AL",120.5,"Santa Rosa",0.0371666666666667,34.4
113,"Russell","AL",120.5,"Macon",0.0333333333333333,30.7666666666667
113,"McLean","IL",5.1,"Santa Rosa",0.0371666666666667,34.4
113,"McLean","IL",5.1,"Macon",0.0333333333333333,30.7666666666667
113,"Dallas","TX",180.19,"Santa Rosa",0.0371666666666667,34.4
113,"Dallas","TX",180.19,"Macon",0.0333333333333333,30.7666666666667
113,"Yolo","CA",15.8,"Santa Rosa",0.0371666666666667,34.4
113,"Yolo","CA",15.8,"Macon",0.0333333333333333,30.7666666666667
113,"Linn","IA",60.9333333333333,"Santa Rosa",0.0371666666666667,34.4
113,"Linn","IA",60.9333333333333,"Macon",0.0333333333333333,30.7666666666667
115,"Sedgwick","CO",2.8,"Sarasota",0.0390108695652174,36.1195652173913
115,"Yuba","CA",3.5,"Sarasota",0.0390108695652174,36.1195652173913
115,"Pine","MN",25,"Sarasota",0.0390108695652174,36.1195652173913
115,"Sarasota","FL",6.4,"Sarasota",0.0390108695652174,36.1195652173913
115,"Floyd","GA",70.4,"Sarasota",0.0390108695652174,36.1195652173913
115,"Washington","NY",14.4,"Sarasota",0.0390108695652174,36.1195652173913
115,"Linn","MO",8,"Sarasota",0.0390108695652174,36.1195652173913
115,"Susquehanna","PA",22,"Sarasota",0.0390108695652174,36.1195652173913
115,"Macon","IL",134.833333333333,"Sarasota",0.0390108695652174,36.1195652173913
115,"Monroe","MI",3293.1,"Sarasota",0.0390108695652174,36.1195652173913
115,"Louisa","IA",811.9,"Sarasota",0.0390108695652174,36.1195652173913
117,"Washington","LA",249.55,"Seminole",0.0378,34.9666666666667
117,"Livingston","MO",90,"Seminole",0.0378,34.9666666666667
117,"Martin","NC",114,"Seminole",0.0378,34.9666666666667
117,"Stanley","SD",6,"Seminole",0.0378,34.9666666666667
117,"Wayne","NY",1.7,"Seminole",0.0378,34.9666666666667
117,"Sheboygan","WI",380.25,"Seminole",0.0378,34.9666666666667
117,"Montcalm","MI",269.9,"Seminole",0.0378,34.9666666666667
117,"Seminole","FL",4.8,"Seminole",0.0378,34.9666666666667
117,"Shelby","AL",2034,"Seminole",0.0378,34.9666666666667
117,"Tioga","PA",24,"Seminole",0.0378,34.9666666666667
119,"Lyon","IA",2.5,"Mecklenburg",0.0329032258064516,30.4516129032258
119,"Westchester","NY",8.27333333333333,"Mecklenburg",0.0329032258064516,30.4516129032258
119,"Madison","NE",5.8,"Mecklenburg",0.0329032258064516,30.4516129032258
119,"Union","PA",5.9,"Mecklenburg",0.0329032258064516,30.4516129032258
119,"Meade","KS",8.2,"Mecklenburg",0.0329032258064516,30.4516129032258
119,"Madison","IL",171.3,"Mecklenburg",0.0329032258064516,30.4516129032258
119,"Franklin","GA",58,"Mecklenburg",0.0329032258064516,30.4516129032258
119,"Polk","MN",7,"Mecklenburg",0.0329032258064516,30.4516129032258
119,"Pulaski","AR",201.866666666667,"Mecklenburg",0.0329032258064516,30.4516129032258
119,"Mecklenburg","NC",2.98,"Mecklenburg",0.0329032258064516,30.4516129032258
119,"Muskingum","OH",678.3,"Mecklenburg",0.0329032258064516,30.4516129032258
119,"Payne","OK",22.25,"Mecklenburg",0.0329032258064516,30.4516129032258
119,"Middlesex","VA",6.4,"Mecklenburg",0.0329032258064516,30.4516129032258
119,"Montmorency","MI",22,"Mecklenburg",0.0329032258064516,30.4516129032258
123,"Madison","MO",27.6,"Montgomery",0.0355714285714286,32.9285714285714
123,"Montgomery","NC",9.6,"Montgomery",0.0355714285714286,32.9285714285714
123,"Yates","NY",112,"Montgomery",0.0355714285714286,32.9285714285714
123,"Mitchell","KS",19.3,"Montgomery",0.0355714285714286,32.9285714285714
123,"Ottawa","OH",4.4,"Montgomery",0.0355714285714286,32.9285714285714
123,"Ramsey","MN",227.666666666667,"Montgomery",0.0355714285714286,32.9285714285714
123,"Vernon","WI",1.5,"Montgomery",0.0355714285714286,32.9285714285714
123,"Weld","CO",394.071428571429,"Montgomery",0.0355714285714286,32.9285714285714
123,"Taylor","FL",73,"Montgomery",0.0355714285714286,32.9285714285714
123,"Salinas","PR",1534,"Montgomery",0.0355714285714286,32.9285714285714
123,"Warren","PA",53.1,"Montgomery",0.0355714285714286,32.9285714285714
123,"Newaygo","MI",5.8,"Montgomery",0.0355714285714286,32.9285714285714
123,"Tallapoosa","AL",822.8,"Montgomery",0.0355714285714286,32.9285714285714
127,"Nemaha","NE",18.7,"Volusia",0.0395483870967742,36.6774193548387
127,"Marshall","IA",228.875,"Volusia",0.0395483870967742,36.6774193548387
127,"Massac","IL",700.65,"Volusia",0.0395483870967742,36.6774193548387
127,"Lawrence","KY",715.25,"Volusia",0.0395483870967742,36.6774193548387
127,"GLYNN","GA",7.1,"Volusia",0.0395483870967742,36.6774193548387
127,"Glynn","GA",316.1,"Volusia",0.0395483870967742,36.6774193548387
127,"Perry","OH",5.6,"Volusia",0.0395483870967742,36.6774193548387
127,"Oceana","MI",5.1,"Volusia",0.0395483870967742,36.6774193548387
127,"Redwood","MN",7.55,"Volusia",0.0395483870967742,36.6774193548387
127,"San Juan","PR",3.8,"Volusia",0.0395483870967742,36.6774193548387
127,"Volusia","FL",1057.93333333333,"Volusia",0.0395483870967742,36.6774193548387
127,"Dimmit","TX",9.9,"Volusia",0.0395483870967742,36.6774193548387
127,"Porter","IN",118.6,"Volusia",0.0395483870967742,36.6774193548387
129,"Renville","MN",4.75,"Wakulla",0.0345,31.8333333333333
129,"Westmoreland","PA",1134,"Wakulla",0.0345,31.8333333333333
129,"Washington","AL",399.25,"Wakulla",0.0345,31.8333333333333
129,"Posey","IN",407.4,"Wakulla",0.0345,31.8333333333333
129,"Smith","MS",74.1,"Wakulla",0.0345,31.8333333333333
129,"Wakulla","FL",270.1,"Wakulla",0.0345,31.8333333333333
129,"New Hanover","NC",851,"Wakulla",0.0345,31.8333333333333
129,"Pickaway","OH",564,"Wakulla",0.0345,31.8333333333333
155,"Saunders","NE",14.2,"Sevier",0.0406,37.7333333333333
155,"Reno","KS",285.7,"Sevier",0.0406,37.7333333333333
155,"Pottawattamie","IA",1648.3,"Sevier",0.0406,37.7333333333333
155,"Pulaski","VA",5.4,"Sevier",0.0406,37.7333333333333
155,"Shiawassee","MI",5.6,"Sevier",0.0406,37.7333333333333
155,"Trumbull","OH",255.075,"Sevier",0.0406,37.7333333333333
155,"Robeson","NC",66.5666666666667,"Sevier",0.0406,37.7333333333333
157,"Poweshiek","IA",4.8,"Shelby",0.0325161290322581,30.1612903225806
157,"Shelby","TN",1791.7,"Shelby",0.0325161290322581,30.1612903225806
157,"Randolph","IL",637.3,"Shelby",0.0325161290322581,30.1612903225806
157,"Republic","KS",14.3,"Shelby",0.0325161290322581,30.1612903225806
157,"Rockingham","NC",837.7,"Shelby",0.0325161290322581,30.1612903225806
157,"Marshall","KY",357.35,"Shelby",0.0325161290322581,30.1612903225806
157,"Scotts Bluff","NE",5,"Shelby",0.0325161290322581,30.1612903225806
157,"Tuscola","MI",8.9,"Shelby",0.0325161290322581,30.1612903225806
157,"Fort Bend","TX",406.692307692308,"Shelby",0.0325161290322581,30.1612903225806
157,"Jackson","GA",919,"Shelby",0.0325161290322581,30.1612903225806
157,"Tuscarawas","OH",30.2,"Shelby",0.0325161290322581,30.1612903225806
157,"Tippecanoe","IN",23.45,"Shelby",0.0325161290322581,30.1612903225806
159,"Rice","KS",11.9,"Rowan",0.0353870967741935,32.5806451612903
159,"Van Buren","MI",1176,"Rowan",0.0353870967741935,32.5806451612903
159,"Richmond","VA",82.8,"Rowan",0.0353870967741935,32.5806451612903
159,"Rowan","NC",630.7,"Rowan",0.0353870967741935,32.5806451612903
161,"Stewart","TN",2600,"Yalobusha",0.0352903225806452,32.7096774193548
161,"Washtenaw","MI",34.9,"Yalobusha",0.0352903225806452,32.7096774193548
161,"Van Wert","OH",594,"Yalobusha",0.0352903225806452,32.7096774193548
161,"Mason","KY",1608.5,"Yalobusha",0.0352903225806452,32.7096774193548
161,"Rock Island","IL",611.2,"Yalobusha",0.0352903225806452,32.7096774193548
161,"Waseca","MN",4.9,"Yalobusha",0.0352903225806452,32.7096774193548
161,"Rutherford","NC",1,"Yalobusha",0.0352903225806452,32.7096774193548
161,"Freestone","TX",1036,"Yalobusha",0.0352903225806452,32.7096774193548
183,"Gregg","TX",351,"Wake",0.0354347826086957,32.7391304347826
183,"Vermilion","IL",188,"Wake",0.0354347826086957,32.7391304347826
183,"Wake","NC",8.93333333333333,"Wake",0.0354347826086957,32.7391304347826
183,"Weakley","TN",567.8,"Wake",0.0354347826086957,32.7391304347826
183,"Ohio","KY",509.4,"Wake",0.0354347826086957,32.7391304347826
183,"St Charles","MO",1099.4,"Wake",0.0354347826086957,32.7391304347826
231,"Hunt","TX",112.2,"Pike",0.0368846153846154,34.1538461538462
